<?xml version="1.0" encoding="UTF-8"?>
<project-private xmlns="http://www.netbeans.org/ns/project-private/1">
    <editor-bookmarks xmlns="http://www.netbeans.org/ns/editor-bookmarks/2" lastBookmarkId="0"/>
    <open-files xmlns="http://www.netbeans.org/ns/projectui-open-files/2">
        <group>
            <file>file:/C:/Users/ADAM/Documents/NetBeansProjects/TUGAS%20DEADLINE/src/New_design/popupdasboard_user1_ekskul.java</file>
            <file>file:/C:/Users/ADAM/Documents/NetBeansProjects/TUGAS%20DEADLINE/src/New_design/ClassLogin.java</file>
            <file>file:/C:/Users/ADAM/Documents/NetBeansProjects/TUGAS%20DEADLINE/src/New_design/FormDasboard_user1.java</file>
            <file>file:/C:/Users/ADAM/Documents/NetBeansProjects/TUGAS%20DEADLINE/src/New_design/datapendaftar.java</file>
            <file>file:/C:/Users/ADAM/Documents/NetBeansProjects/TUGAS%20DEADLINE/src/New_design/FormDasboard1.java</file>
            <file>file:/C:/Users/ADAM/Documents/NetBeansProjects/TUGAS%20DEADLINE/src/Form_tabel/DataPendaftaran.java</file>
            <file>file:/C:/Users/ADAM/Documents/NetBeansProjects/TUGAS%20DEADLINE/src/New_design/FormDasboard.java</file>
            <file>file:/C:/Users/ADAM/Documents/NetBeansProjects/TUGAS%20DEADLINE/src/New_design/FormDasboard2.java</file>
            <file>file:/C:/Users/ADAM/Documents/NetBeansProjects/TUGAS%20DEADLINE/src/New_design/popupdasboard_user1_siswa.java</file>
            <file>file:/C:/Users/ADAM/Documents/NetBeansProjects/TUGAS%20DEADLINE/src/New_design/report2.jrxml</file>
            <file>file:/C:/Users/ADAM/Documents/NetBeansProjects/TUGAS%20DEADLINE/src/Form_tabel/report1.jrxml</file>
            <file>file:/C:/Users/ADAM/Documents/NetBeansProjects/TUGAS%20DEADLINE/src/New_design/FormDasboard3.java</file>
        </group>
    </open-files>
</project-private>
